s,p1,o1,p2,o2,p3,o3
http://www.iiitd.ac.in/meetupgroups#Group,http://www.w3.org/1999/02/22-rdf-syntax-ns#type,http://www.w3.org/2000/01/rdf-schema#Class,http://www.w3.org/1999/02/22-rdf-syntax-ns#type,http://www.w3.org/2000/01/rdf-schema#Class,http://www.w3.org/1999/02/22-rdf-syntax-ns#type,http://www.w3.org/2000/01/rdf-schema#Class
http://www.iiitd.ac.in/meetupgroups#Group,http://www.w3.org/1999/02/22-rdf-syntax-ns#type,http://www.w3.org/2000/01/rdf-schema#Class,http://www.w3.org/1999/02/22-rdf-syntax-ns#type,http://www.w3.org/2000/01/rdf-schema#Class,http://www.w3.org/1999/02/22-rdf-syntax-ns#type,http://www.w3.org/2000/01/rdf-schema#Resource
http://www.iiitd.ac.in/meetupgroups#Group,http://www.w3.org/1999/02/22-rdf-syntax-ns#type,http://www.w3.org/2000/01/rdf-schema#Class,http://www.w3.org/1999/02/22-rdf-syntax-ns#type,http://www.w3.org/2000/01/rdf-schema#Class,http://www.w3.org/2000/01/rdf-schema#subClassOf,http://www.w3.org/2000/01/rdf-schema#Class
http://www.iiitd.ac.in/meetupgroups#Group,http://www.w3.org/1999/02/22-rdf-syntax-ns#type,http://www.w3.org/2000/01/rdf-schema#Class,http://www.w3.org/1999/02/22-rdf-syntax-ns#type,http://www.w3.org/2000/01/rdf-schema#Class,http://www.w3.org/2000/01/rdf-schema#subClassOf,http://www.w3.org/2000/01/rdf-schema#Resource
http://www.iiitd.ac.in/meetupgroups#Group,http://www.w3.org/1999/02/22-rdf-syntax-ns#type,http://www.w3.org/2000/01/rdf-schema#Class,http://www.w3.org/1999/02/22-rdf-syntax-ns#type,http://www.w3.org/2000/01/rdf-schema#Resource,http://www.w3.org/1999/02/22-rdf-syntax-ns#type,http://www.w3.org/2000/01/rdf-schema#Class
http://www.iiitd.ac.in/meetupgroups#Group,http://www.w3.org/1999/02/22-rdf-syntax-ns#type,http://www.w3.org/2000/01/rdf-schema#Class,http://www.w3.org/1999/02/22-rdf-syntax-ns#type,http://www.w3.org/2000/01/rdf-schema#Resource,http://www.w3.org/1999/02/22-rdf-syntax-ns#type,http://www.w3.org/2000/01/rdf-schema#Resource
http://www.iiitd.ac.in/meetupgroups#Group,http://www.w3.org/1999/02/22-rdf-syntax-ns#type,http://www.w3.org/2000/01/rdf-schema#Class,http://www.w3.org/1999/02/22-rdf-syntax-ns#type,http://www.w3.org/2000/01/rdf-schema#Resource,http://www.w3.org/2000/01/rdf-schema#subClassOf,http://www.w3.org/2000/01/rdf-schema#Resource
http://www.iiitd.ac.in/meetupgroups#Group,http://www.w3.org/1999/02/22-rdf-syntax-ns#type,http://www.w3.org/2000/01/rdf-schema#Class,http://www.w3.org/2000/01/rdf-schema#subClassOf,http://www.w3.org/2000/01/rdf-schema#Class,http://www.w3.org/1999/02/22-rdf-syntax-ns#type,http://www.w3.org/2000/01/rdf-schema#Class
http://www.iiitd.ac.in/meetupgroups#Group,http://www.w3.org/1999/02/22-rdf-syntax-ns#type,http://www.w3.org/2000/01/rdf-schema#Class,http://www.w3.org/2000/01/rdf-schema#subClassOf,http://www.w3.org/2000/01/rdf-schema#Class,http://www.w3.org/1999/02/22-rdf-syntax-ns#type,http://www.w3.org/2000/01/rdf-schema#Resource
http://www.iiitd.ac.in/meetupgroups#Group,http://www.w3.org/1999/02/22-rdf-syntax-ns#type,http://www.w3.org/2000/01/rdf-schema#Class,http://www.w3.org/2000/01/rdf-schema#subClassOf,http://www.w3.org/2000/01/rdf-schema#Class,http://www.w3.org/2000/01/rdf-schema#subClassOf,http://www.w3.org/2000/01/rdf-schema#Class
http://www.iiitd.ac.in/meetupgroups#Group,http://www.w3.org/1999/02/22-rdf-syntax-ns#type,http://www.w3.org/2000/01/rdf-schema#Class,http://www.w3.org/2000/01/rdf-schema#subClassOf,http://www.w3.org/2000/01/rdf-schema#Class,http://www.w3.org/2000/01/rdf-schema#subClassOf,http://www.w3.org/2000/01/rdf-schema#Resource
http://www.iiitd.ac.in/meetupgroups#Group,http://www.w3.org/1999/02/22-rdf-syntax-ns#type,http://www.w3.org/2000/01/rdf-schema#Class,http://www.w3.org/2000/01/rdf-schema#subClassOf,http://www.w3.org/2000/01/rdf-schema#Resource,http://www.w3.org/1999/02/22-rdf-syntax-ns#type,http://www.w3.org/2000/01/rdf-schema#Class
http://www.iiitd.ac.in/meetupgroups#Group,http://www.w3.org/1999/02/22-rdf-syntax-ns#type,http://www.w3.org/2000/01/rdf-schema#Class,http://www.w3.org/2000/01/rdf-schema#subClassOf,http://www.w3.org/2000/01/rdf-schema#Resource,http://www.w3.org/1999/02/22-rdf-syntax-ns#type,http://www.w3.org/2000/01/rdf-schema#Resource
http://www.iiitd.ac.in/meetupgroups#Group,http://www.w3.org/1999/02/22-rdf-syntax-ns#type,http://www.w3.org/2000/01/rdf-schema#Class,http://www.w3.org/2000/01/rdf-schema#subClassOf,http://www.w3.org/2000/01/rdf-schema#Resource,http://www.w3.org/2000/01/rdf-schema#subClassOf,http://www.w3.org/2000/01/rdf-schema#Resource
http://www.iiitd.ac.in/meetupgroups#Group,http://www.w3.org/1999/02/22-rdf-syntax-ns#type,http://www.w3.org/2000/01/rdf-schema#Resource,http://www.w3.org/1999/02/22-rdf-syntax-ns#type,http://www.w3.org/2000/01/rdf-schema#Class,http://www.w3.org/1999/02/22-rdf-syntax-ns#type,http://www.w3.org/2000/01/rdf-schema#Class
http://www.iiitd.ac.in/meetupgroups#Group,http://www.w3.org/1999/02/22-rdf-syntax-ns#type,http://www.w3.org/2000/01/rdf-schema#Resource,http://www.w3.org/1999/02/22-rdf-syntax-ns#type,http://www.w3.org/2000/01/rdf-schema#Class,http://www.w3.org/1999/02/22-rdf-syntax-ns#type,http://www.w3.org/2000/01/rdf-schema#Resource
http://www.iiitd.ac.in/meetupgroups#Group,http://www.w3.org/1999/02/22-rdf-syntax-ns#type,http://www.w3.org/2000/01/rdf-schema#Resource,http://www.w3.org/1999/02/22-rdf-syntax-ns#type,http://www.w3.org/2000/01/rdf-schema#Class,http://www.w3.org/2000/01/rdf-schema#subClassOf,http://www.w3.org/2000/01/rdf-schema#Class
http://www.iiitd.ac.in/meetupgroups#Group,http://www.w3.org/1999/02/22-rdf-syntax-ns#type,http://www.w3.org/2000/01/rdf-schema#Resource,http://www.w3.org/1999/02/22-rdf-syntax-ns#type,http://www.w3.org/2000/01/rdf-schema#Class,http://www.w3.org/2000/01/rdf-schema#subClassOf,http://www.w3.org/2000/01/rdf-schema#Resource
http://www.iiitd.ac.in/meetupgroups#Group,http://www.w3.org/1999/02/22-rdf-syntax-ns#type,http://www.w3.org/2000/01/rdf-schema#Resource,http://www.w3.org/1999/02/22-rdf-syntax-ns#type,http://www.w3.org/2000/01/rdf-schema#Resource,http://www.w3.org/1999/02/22-rdf-syntax-ns#type,http://www.w3.org/2000/01/rdf-schema#Class
http://www.iiitd.ac.in/meetupgroups#Group,http://www.w3.org/1999/02/22-rdf-syntax-ns#type,http://www.w3.org/2000/01/rdf-schema#Resource,http://www.w3.org/1999/02/22-rdf-syntax-ns#type,http://www.w3.org/2000/01/rdf-schema#Resource,http://www.w3.org/1999/02/22-rdf-syntax-ns#type,http://www.w3.org/2000/01/rdf-schema#Resource
http://www.iiitd.ac.in/meetupgroups#Group,http://www.w3.org/1999/02/22-rdf-syntax-ns#type,http://www.w3.org/2000/01/rdf-schema#Resource,http://www.w3.org/1999/02/22-rdf-syntax-ns#type,http://www.w3.org/2000/01/rdf-schema#Resource,http://www.w3.org/2000/01/rdf-schema#subClassOf,http://www.w3.org/2000/01/rdf-schema#Resource
http://www.iiitd.ac.in/meetupgroups#Group,http://www.w3.org/1999/02/22-rdf-syntax-ns#type,http://www.w3.org/2000/01/rdf-schema#Resource,http://www.w3.org/2000/01/rdf-schema#subClassOf,http://www.w3.org/2000/01/rdf-schema#Resource,http://www.w3.org/1999/02/22-rdf-syntax-ns#type,http://www.w3.org/2000/01/rdf-schema#Class
http://www.iiitd.ac.in/meetupgroups#Group,http://www.w3.org/1999/02/22-rdf-syntax-ns#type,http://www.w3.org/2000/01/rdf-schema#Resource,http://www.w3.org/2000/01/rdf-schema#subClassOf,http://www.w3.org/2000/01/rdf-schema#Resource,http://www.w3.org/1999/02/22-rdf-syntax-ns#type,http://www.w3.org/2000/01/rdf-schema#Resource
http://www.iiitd.ac.in/meetupgroups#Group,http://www.w3.org/1999/02/22-rdf-syntax-ns#type,http://www.w3.org/2000/01/rdf-schema#Resource,http://www.w3.org/2000/01/rdf-schema#subClassOf,http://www.w3.org/2000/01/rdf-schema#Resource,http://www.w3.org/2000/01/rdf-schema#subClassOf,http://www.w3.org/2000/01/rdf-schema#Resource
http://www.iiitd.ac.in/meetupgroups#Group,http://www.w3.org/2000/01/rdf-schema#subClassOf,http://www.iiitd.ac.in/meetupgroups#Group,http://www.w3.org/1999/02/22-rdf-syntax-ns#type,http://www.w3.org/2000/01/rdf-schema#Class,http://www.w3.org/1999/02/22-rdf-syntax-ns#type,http://www.w3.org/2000/01/rdf-schema#Class
http://www.iiitd.ac.in/meetupgroups#Group,http://www.w3.org/2000/01/rdf-schema#subClassOf,http://www.iiitd.ac.in/meetupgroups#Group,http://www.w3.org/1999/02/22-rdf-syntax-ns#type,http://www.w3.org/2000/01/rdf-schema#Class,http://www.w3.org/1999/02/22-rdf-syntax-ns#type,http://www.w3.org/2000/01/rdf-schema#Resource
http://www.iiitd.ac.in/meetupgroups#Group,http://www.w3.org/2000/01/rdf-schema#subClassOf,http://www.iiitd.ac.in/meetupgroups#Group,http://www.w3.org/1999/02/22-rdf-syntax-ns#type,http://www.w3.org/2000/01/rdf-schema#Class,http://www.w3.org/2000/01/rdf-schema#subClassOf,http://www.w3.org/2000/01/rdf-schema#Class
http://www.iiitd.ac.in/meetupgroups#Group,http://www.w3.org/2000/01/rdf-schema#subClassOf,http://www.iiitd.ac.in/meetupgroups#Group,http://www.w3.org/1999/02/22-rdf-syntax-ns#type,http://www.w3.org/2000/01/rdf-schema#Class,http://www.w3.org/2000/01/rdf-schema#subClassOf,http://www.w3.org/2000/01/rdf-schema#Resource
http://www.iiitd.ac.in/meetupgroups#Group,http://www.w3.org/2000/01/rdf-schema#subClassOf,http://www.iiitd.ac.in/meetupgroups#Group,http://www.w3.org/1999/02/22-rdf-syntax-ns#type,http://www.w3.org/2000/01/rdf-schema#Resource,http://www.w3.org/1999/02/22-rdf-syntax-ns#type,http://www.w3.org/2000/01/rdf-schema#Class
http://www.iiitd.ac.in/meetupgroups#Group,http://www.w3.org/2000/01/rdf-schema#subClassOf,http://www.iiitd.ac.in/meetupgroups#Group,http://www.w3.org/1999/02/22-rdf-syntax-ns#type,http://www.w3.org/2000/01/rdf-schema#Resource,http://www.w3.org/1999/02/22-rdf-syntax-ns#type,http://www.w3.org/2000/01/rdf-schema#Resource
http://www.iiitd.ac.in/meetupgroups#Group,http://www.w3.org/2000/01/rdf-schema#subClassOf,http://www.iiitd.ac.in/meetupgroups#Group,http://www.w3.org/1999/02/22-rdf-syntax-ns#type,http://www.w3.org/2000/01/rdf-schema#Resource,http://www.w3.org/2000/01/rdf-schema#subClassOf,http://www.w3.org/2000/01/rdf-schema#Resource
http://www.iiitd.ac.in/meetupgroups#Group,http://www.w3.org/2000/01/rdf-schema#subClassOf,http://www.iiitd.ac.in/meetupgroups#Group,http://www.w3.org/2000/01/rdf-schema#subClassOf,http://www.iiitd.ac.in/meetupgroups#Group,http://www.w3.org/1999/02/22-rdf-syntax-ns#type,http://www.w3.org/2000/01/rdf-schema#Class
http://www.iiitd.ac.in/meetupgroups#Group,http://www.w3.org/2000/01/rdf-schema#subClassOf,http://www.iiitd.ac.in/meetupgroups#Group,http://www.w3.org/2000/01/rdf-schema#subClassOf,http://www.iiitd.ac.in/meetupgroups#Group,http://www.w3.org/1999/02/22-rdf-syntax-ns#type,http://www.w3.org/2000/01/rdf-schema#Resource
http://www.iiitd.ac.in/meetupgroups#Group,http://www.w3.org/2000/01/rdf-schema#subClassOf,http://www.iiitd.ac.in/meetupgroups#Group,http://www.w3.org/2000/01/rdf-schema#subClassOf,http://www.iiitd.ac.in/meetupgroups#Group,http://www.w3.org/2000/01/rdf-schema#subClassOf,http://www.iiitd.ac.in/meetupgroups#Group
http://www.iiitd.ac.in/meetupgroups#Group,http://www.w3.org/2000/01/rdf-schema#subClassOf,http://www.iiitd.ac.in/meetupgroups#Group,http://www.w3.org/2000/01/rdf-schema#subClassOf,http://www.iiitd.ac.in/meetupgroups#Group,http://www.w3.org/2000/01/rdf-schema#subClassOf,http://www.w3.org/2000/01/rdf-schema#Resource
http://www.iiitd.ac.in/meetupgroups#Group,http://www.w3.org/2000/01/rdf-schema#subClassOf,http://www.iiitd.ac.in/meetupgroups#Group,http://www.w3.org/2000/01/rdf-schema#subClassOf,http://www.w3.org/2000/01/rdf-schema#Resource,http://www.w3.org/1999/02/22-rdf-syntax-ns#type,http://www.w3.org/2000/01/rdf-schema#Class
http://www.iiitd.ac.in/meetupgroups#Group,http://www.w3.org/2000/01/rdf-schema#subClassOf,http://www.iiitd.ac.in/meetupgroups#Group,http://www.w3.org/2000/01/rdf-schema#subClassOf,http://www.w3.org/2000/01/rdf-schema#Resource,http://www.w3.org/1999/02/22-rdf-syntax-ns#type,http://www.w3.org/2000/01/rdf-schema#Resource
http://www.iiitd.ac.in/meetupgroups#Group,http://www.w3.org/2000/01/rdf-schema#subClassOf,http://www.iiitd.ac.in/meetupgroups#Group,http://www.w3.org/2000/01/rdf-schema#subClassOf,http://www.w3.org/2000/01/rdf-schema#Resource,http://www.w3.org/2000/01/rdf-schema#subClassOf,http://www.w3.org/2000/01/rdf-schema#Resource
http://www.iiitd.ac.in/meetupgroups#Group,http://www.w3.org/2000/01/rdf-schema#subClassOf,http://www.w3.org/2000/01/rdf-schema#Resource,http://www.w3.org/1999/02/22-rdf-syntax-ns#type,http://www.w3.org/2000/01/rdf-schema#Class,http://www.w3.org/1999/02/22-rdf-syntax-ns#type,http://www.w3.org/2000/01/rdf-schema#Class
http://www.iiitd.ac.in/meetupgroups#Group,http://www.w3.org/2000/01/rdf-schema#subClassOf,http://www.w3.org/2000/01/rdf-schema#Resource,http://www.w3.org/1999/02/22-rdf-syntax-ns#type,http://www.w3.org/2000/01/rdf-schema#Class,http://www.w3.org/1999/02/22-rdf-syntax-ns#type,http://www.w3.org/2000/01/rdf-schema#Resource
http://www.iiitd.ac.in/meetupgroups#Group,http://www.w3.org/2000/01/rdf-schema#subClassOf,http://www.w3.org/2000/01/rdf-schema#Resource,http://www.w3.org/1999/02/22-rdf-syntax-ns#type,http://www.w3.org/2000/01/rdf-schema#Class,http://www.w3.org/2000/01/rdf-schema#subClassOf,http://www.w3.org/2000/01/rdf-schema#Class
http://www.iiitd.ac.in/meetupgroups#Group,http://www.w3.org/2000/01/rdf-schema#subClassOf,http://www.w3.org/2000/01/rdf-schema#Resource,http://www.w3.org/1999/02/22-rdf-syntax-ns#type,http://www.w3.org/2000/01/rdf-schema#Class,http://www.w3.org/2000/01/rdf-schema#subClassOf,http://www.w3.org/2000/01/rdf-schema#Resource
http://www.iiitd.ac.in/meetupgroups#Group,http://www.w3.org/2000/01/rdf-schema#subClassOf,http://www.w3.org/2000/01/rdf-schema#Resource,http://www.w3.org/1999/02/22-rdf-syntax-ns#type,http://www.w3.org/2000/01/rdf-schema#Resource,http://www.w3.org/1999/02/22-rdf-syntax-ns#type,http://www.w3.org/2000/01/rdf-schema#Class
http://www.iiitd.ac.in/meetupgroups#Group,http://www.w3.org/2000/01/rdf-schema#subClassOf,http://www.w3.org/2000/01/rdf-schema#Resource,http://www.w3.org/1999/02/22-rdf-syntax-ns#type,http://www.w3.org/2000/01/rdf-schema#Resource,http://www.w3.org/1999/02/22-rdf-syntax-ns#type,http://www.w3.org/2000/01/rdf-schema#Resource
http://www.iiitd.ac.in/meetupgroups#Group,http://www.w3.org/2000/01/rdf-schema#subClassOf,http://www.w3.org/2000/01/rdf-schema#Resource,http://www.w3.org/1999/02/22-rdf-syntax-ns#type,http://www.w3.org/2000/01/rdf-schema#Resource,http://www.w3.org/2000/01/rdf-schema#subClassOf,http://www.w3.org/2000/01/rdf-schema#Resource
http://www.iiitd.ac.in/meetupgroups#Group,http://www.w3.org/2000/01/rdf-schema#subClassOf,http://www.w3.org/2000/01/rdf-schema#Resource,http://www.w3.org/2000/01/rdf-schema#subClassOf,http://www.w3.org/2000/01/rdf-schema#Resource,http://www.w3.org/1999/02/22-rdf-syntax-ns#type,http://www.w3.org/2000/01/rdf-schema#Class
http://www.iiitd.ac.in/meetupgroups#Group,http://www.w3.org/2000/01/rdf-schema#subClassOf,http://www.w3.org/2000/01/rdf-schema#Resource,http://www.w3.org/2000/01/rdf-schema#subClassOf,http://www.w3.org/2000/01/rdf-schema#Resource,http://www.w3.org/1999/02/22-rdf-syntax-ns#type,http://www.w3.org/2000/01/rdf-schema#Resource
http://www.iiitd.ac.in/meetupgroups#Group,http://www.w3.org/2000/01/rdf-schema#subClassOf,http://www.w3.org/2000/01/rdf-schema#Resource,http://www.w3.org/2000/01/rdf-schema#subClassOf,http://www.w3.org/2000/01/rdf-schema#Resource,http://www.w3.org/2000/01/rdf-schema#subClassOf,http://www.w3.org/2000/01/rdf-schema#Resource
http://www.w3.org/1999/02/22-rdf-syntax-ns#type,http://www.w3.org/1999/02/22-rdf-syntax-ns#type,http://www.w3.org/1999/02/22-rdf-syntax-ns#Property,http://www.w3.org/1999/02/22-rdf-syntax-ns#type,http://www.w3.org/2000/01/rdf-schema#Class,http://www.w3.org/1999/02/22-rdf-syntax-ns#type,http://www.w3.org/2000/01/rdf-schema#Class
http://www.w3.org/1999/02/22-rdf-syntax-ns#type,http://www.w3.org/1999/02/22-rdf-syntax-ns#type,http://www.w3.org/1999/02/22-rdf-syntax-ns#Property,http://www.w3.org/1999/02/22-rdf-syntax-ns#type,http://www.w3.org/2000/01/rdf-schema#Class,http://www.w3.org/1999/02/22-rdf-syntax-ns#type,http://www.w3.org/2000/01/rdf-schema#Resource
http://www.w3.org/1999/02/22-rdf-syntax-ns#type,http://www.w3.org/1999/02/22-rdf-syntax-ns#type,http://www.w3.org/1999/02/22-rdf-syntax-ns#Property,http://www.w3.org/1999/02/22-rdf-syntax-ns#type,http://www.w3.org/2000/01/rdf-schema#Class,http://www.w3.org/2000/01/rdf-schema#subClassOf,http://www.w3.org/2000/01/rdf-schema#Class
http://www.w3.org/1999/02/22-rdf-syntax-ns#type,http://www.w3.org/1999/02/22-rdf-syntax-ns#type,http://www.w3.org/1999/02/22-rdf-syntax-ns#Property,http://www.w3.org/1999/02/22-rdf-syntax-ns#type,http://www.w3.org/2000/01/rdf-schema#Class,http://www.w3.org/2000/01/rdf-schema#subClassOf,http://www.w3.org/2000/01/rdf-schema#Resource
http://www.w3.org/1999/02/22-rdf-syntax-ns#type,http://www.w3.org/1999/02/22-rdf-syntax-ns#type,http://www.w3.org/1999/02/22-rdf-syntax-ns#Property,http://www.w3.org/1999/02/22-rdf-syntax-ns#type,http://www.w3.org/2000/01/rdf-schema#Resource,http://www.w3.org/1999/02/22-rdf-syntax-ns#type,http://www.w3.org/2000/01/rdf-schema#Class
http://www.w3.org/1999/02/22-rdf-syntax-ns#type,http://www.w3.org/1999/02/22-rdf-syntax-ns#type,http://www.w3.org/1999/02/22-rdf-syntax-ns#Property,http://www.w3.org/1999/02/22-rdf-syntax-ns#type,http://www.w3.org/2000/01/rdf-schema#Resource,http://www.w3.org/1999/02/22-rdf-syntax-ns#type,http://www.w3.org/2000/01/rdf-schema#Resource
http://www.w3.org/1999/02/22-rdf-syntax-ns#type,http://www.w3.org/1999/02/22-rdf-syntax-ns#type,http://www.w3.org/1999/02/22-rdf-syntax-ns#Property,http://www.w3.org/1999/02/22-rdf-syntax-ns#type,http://www.w3.org/2000/01/rdf-schema#Resource,http://www.w3.org/2000/01/rdf-schema#subClassOf,http://www.w3.org/2000/01/rdf-schema#Resource
http://www.w3.org/1999/02/22-rdf-syntax-ns#type,http://www.w3.org/1999/02/22-rdf-syntax-ns#type,http://www.w3.org/1999/02/22-rdf-syntax-ns#Property,http://www.w3.org/2000/01/rdf-schema#subClassOf,http://www.w3.org/1999/02/22-rdf-syntax-ns#Property,http://www.w3.org/1999/02/22-rdf-syntax-ns#type,http://www.w3.org/2000/01/rdf-schema#Class
http://www.w3.org/1999/02/22-rdf-syntax-ns#type,http://www.w3.org/1999/02/22-rdf-syntax-ns#type,http://www.w3.org/1999/02/22-rdf-syntax-ns#Property,http://www.w3.org/2000/01/rdf-schema#subClassOf,http://www.w3.org/1999/02/22-rdf-syntax-ns#Property,http://www.w3.org/1999/02/22-rdf-syntax-ns#type,http://www.w3.org/2000/01/rdf-schema#Resource
http://www.w3.org/1999/02/22-rdf-syntax-ns#type,http://www.w3.org/1999/02/22-rdf-syntax-ns#type,http://www.w3.org/1999/02/22-rdf-syntax-ns#Property,http://www.w3.org/2000/01/rdf-schema#subClassOf,http://www.w3.org/1999/02/22-rdf-syntax-ns#Property,http://www.w3.org/2000/01/rdf-schema#subClassOf,http://www.w3.org/1999/02/22-rdf-syntax-ns#Property
http://www.w3.org/1999/02/22-rdf-syntax-ns#type,http://www.w3.org/1999/02/22-rdf-syntax-ns#type,http://www.w3.org/1999/02/22-rdf-syntax-ns#Property,http://www.w3.org/2000/01/rdf-schema#subClassOf,http://www.w3.org/1999/02/22-rdf-syntax-ns#Property,http://www.w3.org/2000/01/rdf-schema#subClassOf,http://www.w3.org/2000/01/rdf-schema#Resource
http://www.w3.org/1999/02/22-rdf-syntax-ns#type,http://www.w3.org/1999/02/22-rdf-syntax-ns#type,http://www.w3.org/1999/02/22-rdf-syntax-ns#Property,http://www.w3.org/2000/01/rdf-schema#subClassOf,http://www.w3.org/2000/01/rdf-schema#Resource,http://www.w3.org/1999/02/22-rdf-syntax-ns#type,http://www.w3.org/2000/01/rdf-schema#Class
http://www.w3.org/1999/02/22-rdf-syntax-ns#type,http://www.w3.org/1999/02/22-rdf-syntax-ns#type,http://www.w3.org/1999/02/22-rdf-syntax-ns#Property,http://www.w3.org/2000/01/rdf-schema#subClassOf,http://www.w3.org/2000/01/rdf-schema#Resource,http://www.w3.org/1999/02/22-rdf-syntax-ns#type,http://www.w3.org/2000/01/rdf-schema#Resource
http://www.w3.org/1999/02/22-rdf-syntax-ns#type,http://www.w3.org/1999/02/22-rdf-syntax-ns#type,http://www.w3.org/1999/02/22-rdf-syntax-ns#Property,http://www.w3.org/2000/01/rdf-schema#subClassOf,http://www.w3.org/2000/01/rdf-schema#Resource,http://www.w3.org/2000/01/rdf-schema#subClassOf,http://www.w3.org/2000/01/rdf-schema#Resource
http://www.w3.org/1999/02/22-rdf-syntax-ns#type,http://www.w3.org/1999/02/22-rdf-syntax-ns#type,http://www.w3.org/2000/01/rdf-schema#Resource,http://www.w3.org/1999/02/22-rdf-syntax-ns#type,http://www.w3.org/2000/01/rdf-schema#Class,http://www.w3.org/1999/02/22-rdf-syntax-ns#type,http://www.w3.org/2000/01/rdf-schema#Class
http://www.w3.org/1999/02/22-rdf-syntax-ns#type,http://www.w3.org/1999/02/22-rdf-syntax-ns#type,http://www.w3.org/2000/01/rdf-schema#Resource,http://www.w3.org/1999/02/22-rdf-syntax-ns#type,http://www.w3.org/2000/01/rdf-schema#Class,http://www.w3.org/1999/02/22-rdf-syntax-ns#type,http://www.w3.org/2000/01/rdf-schema#Resource
http://www.w3.org/1999/02/22-rdf-syntax-ns#type,http://www.w3.org/1999/02/22-rdf-syntax-ns#type,http://www.w3.org/2000/01/rdf-schema#Resource,http://www.w3.org/1999/02/22-rdf-syntax-ns#type,http://www.w3.org/2000/01/rdf-schema#Class,http://www.w3.org/2000/01/rdf-schema#subClassOf,http://www.w3.org/2000/01/rdf-schema#Class
http://www.w3.org/1999/02/22-rdf-syntax-ns#type,http://www.w3.org/1999/02/22-rdf-syntax-ns#type,http://www.w3.org/2000/01/rdf-schema#Resource,http://www.w3.org/1999/02/22-rdf-syntax-ns#type,http://www.w3.org/2000/01/rdf-schema#Class,http://www.w3.org/2000/01/rdf-schema#subClassOf,http://www.w3.org/2000/01/rdf-schema#Resource
http://www.w3.org/1999/02/22-rdf-syntax-ns#type,http://www.w3.org/1999/02/22-rdf-syntax-ns#type,http://www.w3.org/2000/01/rdf-schema#Resource,http://www.w3.org/1999/02/22-rdf-syntax-ns#type,http://www.w3.org/2000/01/rdf-schema#Resource,http://www.w3.org/1999/02/22-rdf-syntax-ns#type,http://www.w3.org/2000/01/rdf-schema#Class
http://www.w3.org/1999/02/22-rdf-syntax-ns#type,http://www.w3.org/1999/02/22-rdf-syntax-ns#type,http://www.w3.org/2000/01/rdf-schema#Resource,http://www.w3.org/1999/02/22-rdf-syntax-ns#type,http://www.w3.org/2000/01/rdf-schema#Resource,http://www.w3.org/1999/02/22-rdf-syntax-ns#type,http://www.w3.org/2000/01/rdf-schema#Resource
http://www.w3.org/1999/02/22-rdf-syntax-ns#type,http://www.w3.org/1999/02/22-rdf-syntax-ns#type,http://www.w3.org/2000/01/rdf-schema#Resource,http://www.w3.org/1999/02/22-rdf-syntax-ns#type,http://www.w3.org/2000/01/rdf-schema#Resource,http://www.w3.org/2000/01/rdf-schema#subClassOf,http://www.w3.org/2000/01/rdf-schema#Resource
http://www.w3.org/1999/02/22-rdf-syntax-ns#type,http://www.w3.org/1999/02/22-rdf-syntax-ns#type,http://www.w3.org/2000/01/rdf-schema#Resource,http://www.w3.org/2000/01/rdf-schema#subClassOf,http://www.w3.org/2000/01/rdf-schema#Resource,http://www.w3.org/1999/02/22-rdf-syntax-ns#type,http://www.w3.org/2000/01/rdf-schema#Class
http://www.w3.org/1999/02/22-rdf-syntax-ns#type,http://www.w3.org/1999/02/22-rdf-syntax-ns#type,http://www.w3.org/2000/01/rdf-schema#Resource,http://www.w3.org/2000/01/rdf-schema#subClassOf,http://www.w3.org/2000/01/rdf-schema#Resource,http://www.w3.org/1999/02/22-rdf-syntax-ns#type,http://www.w3.org/2000/01/rdf-schema#Resource
http://www.w3.org/1999/02/22-rdf-syntax-ns#type,http://www.w3.org/1999/02/22-rdf-syntax-ns#type,http://www.w3.org/2000/01/rdf-schema#Resource,http://www.w3.org/2000/01/rdf-schema#subClassOf,http://www.w3.org/2000/01/rdf-schema#Resource,http://www.w3.org/2000/01/rdf-schema#subClassOf,http://www.w3.org/2000/01/rdf-schema#Resource
http://www.w3.org/1999/02/22-rdf-syntax-ns#type,http://www.w3.org/2000/01/rdf-schema#range,http://www.w3.org/2000/01/rdf-schema#Class,http://www.w3.org/1999/02/22-rdf-syntax-ns#type,http://www.w3.org/2000/01/rdf-schema#Class,http://www.w3.org/1999/02/22-rdf-syntax-ns#type,http://www.w3.org/2000/01/rdf-schema#Class
http://www.w3.org/1999/02/22-rdf-syntax-ns#type,http://www.w3.org/2000/01/rdf-schema#range,http://www.w3.org/2000/01/rdf-schema#Class,http://www.w3.org/1999/02/22-rdf-syntax-ns#type,http://www.w3.org/2000/01/rdf-schema#Class,http://www.w3.org/1999/02/22-rdf-syntax-ns#type,http://www.w3.org/2000/01/rdf-schema#Resource
http://www.w3.org/1999/02/22-rdf-syntax-ns#type,http://www.w3.org/2000/01/rdf-schema#range,http://www.w3.org/2000/01/rdf-schema#Class,http://www.w3.org/1999/02/22-rdf-syntax-ns#type,http://www.w3.org/2000/01/rdf-schema#Class,http://www.w3.org/2000/01/rdf-schema#subClassOf,http://www.w3.org/2000/01/rdf-schema#Class
http://www.w3.org/1999/02/22-rdf-syntax-ns#type,http://www.w3.org/2000/01/rdf-schema#range,http://www.w3.org/2000/01/rdf-schema#Class,http://www.w3.org/1999/02/22-rdf-syntax-ns#type,http://www.w3.org/2000/01/rdf-schema#Class,http://www.w3.org/2000/01/rdf-schema#subClassOf,http://www.w3.org/2000/01/rdf-schema#Resource
http://www.w3.org/1999/02/22-rdf-syntax-ns#type,http://www.w3.org/2000/01/rdf-schema#range,http://www.w3.org/2000/01/rdf-schema#Class,http://www.w3.org/1999/02/22-rdf-syntax-ns#type,http://www.w3.org/2000/01/rdf-schema#Resource,http://www.w3.org/1999/02/22-rdf-syntax-ns#type,http://www.w3.org/2000/01/rdf-schema#Class
http://www.w3.org/1999/02/22-rdf-syntax-ns#type,http://www.w3.org/2000/01/rdf-schema#range,http://www.w3.org/2000/01/rdf-schema#Class,http://www.w3.org/1999/02/22-rdf-syntax-ns#type,http://www.w3.org/2000/01/rdf-schema#Resource,http://www.w3.org/1999/02/22-rdf-syntax-ns#type,http://www.w3.org/2000/01/rdf-schema#Resource
http://www.w3.org/1999/02/22-rdf-syntax-ns#type,http://www.w3.org/2000/01/rdf-schema#range,http://www.w3.org/2000/01/rdf-schema#Class,http://www.w3.org/1999/02/22-rdf-syntax-ns#type,http://www.w3.org/2000/01/rdf-schema#Resource,http://www.w3.org/2000/01/rdf-schema#subClassOf,http://www.w3.org/2000/01/rdf-schema#Resource
http://www.w3.org/1999/02/22-rdf-syntax-ns#type,http://www.w3.org/2000/01/rdf-schema#range,http://www.w3.org/2000/01/rdf-schema#Class,http://www.w3.org/2000/01/rdf-schema#subClassOf,http://www.w3.org/2000/01/rdf-schema#Class,http://www.w3.org/1999/02/22-rdf-syntax-ns#type,http://www.w3.org/2000/01/rdf-schema#Class
http://www.w3.org/1999/02/22-rdf-syntax-ns#type,http://www.w3.org/2000/01/rdf-schema#range,http://www.w3.org/2000/01/rdf-schema#Class,http://www.w3.org/2000/01/rdf-schema#subClassOf,http://www.w3.org/2000/01/rdf-schema#Class,http://www.w3.org/1999/02/22-rdf-syntax-ns#type,http://www.w3.org/2000/01/rdf-schema#Resource
http://www.w3.org/1999/02/22-rdf-syntax-ns#type,http://www.w3.org/2000/01/rdf-schema#range,http://www.w3.org/2000/01/rdf-schema#Class,http://www.w3.org/2000/01/rdf-schema#subClassOf,http://www.w3.org/2000/01/rdf-schema#Class,http://www.w3.org/2000/01/rdf-schema#subClassOf,http://www.w3.org/2000/01/rdf-schema#Class
http://www.w3.org/1999/02/22-rdf-syntax-ns#type,http://www.w3.org/2000/01/rdf-schema#range,http://www.w3.org/2000/01/rdf-schema#Class,http://www.w3.org/2000/01/rdf-schema#subClassOf,http://www.w3.org/2000/01/rdf-schema#Class,http://www.w3.org/2000/01/rdf-schema#subClassOf,http://www.w3.org/2000/01/rdf-schema#Resource
http://www.w3.org/1999/02/22-rdf-syntax-ns#type,http://www.w3.org/2000/01/rdf-schema#range,http://www.w3.org/2000/01/rdf-schema#Class,http://www.w3.org/2000/01/rdf-schema#subClassOf,http://www.w3.org/2000/01/rdf-schema#Resource,http://www.w3.org/1999/02/22-rdf-syntax-ns#type,http://www.w3.org/2000/01/rdf-schema#Class
http://www.w3.org/1999/02/22-rdf-syntax-ns#type,http://www.w3.org/2000/01/rdf-schema#range,http://www.w3.org/2000/01/rdf-schema#Class,http://www.w3.org/2000/01/rdf-schema#subClassOf,http://www.w3.org/2000/01/rdf-schema#Resource,http://www.w3.org/1999/02/22-rdf-syntax-ns#type,http://www.w3.org/2000/01/rdf-schema#Resource
http://www.w3.org/1999/02/22-rdf-syntax-ns#type,http://www.w3.org/2000/01/rdf-schema#range,http://www.w3.org/2000/01/rdf-schema#Class,http://www.w3.org/2000/01/rdf-schema#subClassOf,http://www.w3.org/2000/01/rdf-schema#Resource,http://www.w3.org/2000/01/rdf-schema#subClassOf,http://www.w3.org/2000/01/rdf-schema#Resource
http://www.w3.org/2000/01/rdf-schema#Class,http://www.w3.org/1999/02/22-rdf-syntax-ns#type,http://www.w3.org/2000/01/rdf-schema#Class,http://www.w3.org/1999/02/22-rdf-syntax-ns#type,http://www.w3.org/2000/01/rdf-schema#Class,http://www.w3.org/1999/02/22-rdf-syntax-ns#type,http://www.w3.org/2000/01/rdf-schema#Class
http://www.w3.org/2000/01/rdf-schema#Class,http://www.w3.org/1999/02/22-rdf-syntax-ns#type,http://www.w3.org/2000/01/rdf-schema#Class,http://www.w3.org/1999/02/22-rdf-syntax-ns#type,http://www.w3.org/2000/01/rdf-schema#Class,http://www.w3.org/1999/02/22-rdf-syntax-ns#type,http://www.w3.org/2000/01/rdf-schema#Resource
http://www.w3.org/2000/01/rdf-schema#Class,http://www.w3.org/1999/02/22-rdf-syntax-ns#type,http://www.w3.org/2000/01/rdf-schema#Class,http://www.w3.org/1999/02/22-rdf-syntax-ns#type,http://www.w3.org/2000/01/rdf-schema#Class,http://www.w3.org/2000/01/rdf-schema#subClassOf,http://www.w3.org/2000/01/rdf-schema#Class
http://www.w3.org/2000/01/rdf-schema#Class,http://www.w3.org/1999/02/22-rdf-syntax-ns#type,http://www.w3.org/2000/01/rdf-schema#Class,http://www.w3.org/1999/02/22-rdf-syntax-ns#type,http://www.w3.org/2000/01/rdf-schema#Class,http://www.w3.org/2000/01/rdf-schema#subClassOf,http://www.w3.org/2000/01/rdf-schema#Resource
http://www.w3.org/2000/01/rdf-schema#Class,http://www.w3.org/1999/02/22-rdf-syntax-ns#type,http://www.w3.org/2000/01/rdf-schema#Class,http://www.w3.org/1999/02/22-rdf-syntax-ns#type,http://www.w3.org/2000/01/rdf-schema#Resource,http://www.w3.org/1999/02/22-rdf-syntax-ns#type,http://www.w3.org/2000/01/rdf-schema#Class
http://www.w3.org/2000/01/rdf-schema#Class,http://www.w3.org/1999/02/22-rdf-syntax-ns#type,http://www.w3.org/2000/01/rdf-schema#Class,http://www.w3.org/1999/02/22-rdf-syntax-ns#type,http://www.w3.org/2000/01/rdf-schema#Resource,http://www.w3.org/1999/02/22-rdf-syntax-ns#type,http://www.w3.org/2000/01/rdf-schema#Resource
http://www.w3.org/2000/01/rdf-schema#Class,http://www.w3.org/1999/02/22-rdf-syntax-ns#type,http://www.w3.org/2000/01/rdf-schema#Class,http://www.w3.org/1999/02/22-rdf-syntax-ns#type,http://www.w3.org/2000/01/rdf-schema#Resource,http://www.w3.org/2000/01/rdf-schema#subClassOf,http://www.w3.org/2000/01/rdf-schema#Resource
http://www.w3.org/2000/01/rdf-schema#Class,http://www.w3.org/1999/02/22-rdf-syntax-ns#type,http://www.w3.org/2000/01/rdf-schema#Class,http://www.w3.org/2000/01/rdf-schema#subClassOf,http://www.w3.org/2000/01/rdf-schema#Class,http://www.w3.org/1999/02/22-rdf-syntax-ns#type,http://www.w3.org/2000/01/rdf-schema#Class
http://www.w3.org/2000/01/rdf-schema#Class,http://www.w3.org/1999/02/22-rdf-syntax-ns#type,http://www.w3.org/2000/01/rdf-schema#Class,http://www.w3.org/2000/01/rdf-schema#subClassOf,http://www.w3.org/2000/01/rdf-schema#Class,http://www.w3.org/1999/02/22-rdf-syntax-ns#type,http://www.w3.org/2000/01/rdf-schema#Resource
http://www.w3.org/2000/01/rdf-schema#Class,http://www.w3.org/1999/02/22-rdf-syntax-ns#type,http://www.w3.org/2000/01/rdf-schema#Class,http://www.w3.org/2000/01/rdf-schema#subClassOf,http://www.w3.org/2000/01/rdf-schema#Class,http://www.w3.org/2000/01/rdf-schema#subClassOf,http://www.w3.org/2000/01/rdf-schema#Class
http://www.w3.org/2000/01/rdf-schema#Class,http://www.w3.org/1999/02/22-rdf-syntax-ns#type,http://www.w3.org/2000/01/rdf-schema#Class,http://www.w3.org/2000/01/rdf-schema#subClassOf,http://www.w3.org/2000/01/rdf-schema#Class,http://www.w3.org/2000/01/rdf-schema#subClassOf,http://www.w3.org/2000/01/rdf-schema#Resource
http://www.w3.org/2000/01/rdf-schema#Class,http://www.w3.org/1999/02/22-rdf-syntax-ns#type,http://www.w3.org/2000/01/rdf-schema#Class,http://www.w3.org/2000/01/rdf-schema#subClassOf,http://www.w3.org/2000/01/rdf-schema#Resource,http://www.w3.org/1999/02/22-rdf-syntax-ns#type,http://www.w3.org/2000/01/rdf-schema#Class
http://www.w3.org/2000/01/rdf-schema#Class,http://www.w3.org/1999/02/22-rdf-syntax-ns#type,http://www.w3.org/2000/01/rdf-schema#Class,http://www.w3.org/2000/01/rdf-schema#subClassOf,http://www.w3.org/2000/01/rdf-schema#Resource,http://www.w3.org/1999/02/22-rdf-syntax-ns#type,http://www.w3.org/2000/01/rdf-schema#Resource
http://www.w3.org/2000/01/rdf-schema#Class,http://www.w3.org/1999/02/22-rdf-syntax-ns#type,http://www.w3.org/2000/01/rdf-schema#Class,http://www.w3.org/2000/01/rdf-schema#subClassOf,http://www.w3.org/2000/01/rdf-schema#Resource,http://www.w3.org/2000/01/rdf-schema#subClassOf,http://www.w3.org/2000/01/rdf-schema#Resource
